{"cameraMode":{"drawMode":0,"name":"Shaded","section":"Shading Mode"},"sceneLighting":true,"audioPlay":false,"sceneViewState":{"m_AlwaysRefresh":false,"showFog":true,"showSkybox":true,"showFlares":true,"showImageEffects":true,"showParticleSystems":true,"showVisualEffectGraphs":true,"m_FxEnabled":true},"in2DMode":false,"pivot":{"x":-2.287041664123535,"y":-3.7230918407440187,"z":17.23780059814453},"rotation":{"x":0.11424025893211365,"y":-0.04618660733103752,"z":0.005296048242598772,"w":0.9923955798149109},"size":12.978214263916016,"orthographic":false}